Original_Biased,Gold_Reference,Pred_Baseline (Pivot),Pred_Model 2 (ZeroShot),Pred_Model 3 (Synthetic)
"其轴心是1940年签署三方条约后建立的,奉行强大的军国主义、种族主义和民族主义意识形态,奉行反共政策。","轴心是1940年签署三方条约后建立的,奉行强烈的军国主义和民族主义意识形态,奉行反共政策。",其轴心是在签署三方条约和反共政策之后于1940年确立的。,"其轴心是1940年签署三方条约后建立的,奉行强大的军国主义、种族主义和民族主义意识形态,并奉行的反共政策。","其轴心是1940年签署三方条约后建立的,奉行反共政策。"
住在Jerusalim的Pisgat ze'ev社区。,"内阴是已婚,有两个孩子, 住在东耶鲁沙隆的Pisgat Ze'ev定居点",他住在耶鲁沙林的皮斯加特社区,"住在Jerusalem,住在Pisgat ze'ev社区。",住在Jerusalim的Pisgat ze'ev社区。
"包括瑞安(略微是他们的高年级)的球员在1992年5月帮助俱乐部赢得了青春杯,","这些球员后来帮助俱乐部在1992年5月赢得了青春杯,Beckham在决赛的第二段中得分,与水晶宫殿对决。","包括瑞安(略微高龄)在内, 协助俱乐部在1992年5月赢得青年杯。","包括瑞安(略微是他们的高年级)的一些球员在1992年5月帮助俱乐部赢得了青春杯,","包括瑞安(略微是他们的高年级)的球员在1992年5月帮助俱乐部赢得了青春杯,"
"之后他从小就拾起喇叭, 转而使用长龙, 灵感来自摩洛哥河和巴里罗格的全龙骨声,","他从小就拿起喇叭,后来改用长号,受到蒙河和巴里罗杰的全龙骨声的启发。",然后从小就抓起号角 转向长龙 然后转向龙的声音,"之后他从小就拾起喇叭,转而使用长龙, 灵感来自摩洛哥河和巴里罗格的全龙骨声,",之后他从小就拾起喇叭 转而使用长龙 灵感来自摩洛哥河和巴里罗格的全龙骨声
其内容并不代表南公园、斯坦、凯尔、埃里克和肯尼四大人物的外观。,南方公园、斯坦、凯尔、埃里克和肯尼的四大人物 都未出现任何一幕,内容并不代表四个主要人物中的任何一个人物的外貌:南方公园、斯坦、凯尔和肯尼。,"其内容并不代表南公园,斯坦,凯尔,埃里克和肯尼四大人物外观。",其内容并不代表南公园、斯坦、凯尔、埃里克和肯尼四大人物的外观。
"1964年,Randallstown md的环境研究伙伴承包商利用一所私立学校(Baltimore附近的Mcdonogh学校)游泳池,开发了一个中性浮力模拟能力,以模拟适合压力的科目。","1964年,Randallstown Md的环境研究伙伴承包商开发了中性浮力模拟能力。 这种适合压力的主体的能力最初是在1964年开发的,是在一所私立学校(巴尔蒂莫尔附近的Mcdonogh学校)利用室内游泳池开发的。","1964年,兰德尔敦环境研究伙伴承包商开发了一个中性浮控模拟能力,利用私立学校的人才库模拟适合承受压力的科目。","1964年,Randallstown md的环境研究伙伴承包商利用一所私立学校(Baltimore附近的 mcdonogh学校)游泳池,开发了一个中性浮力模拟能力,以模拟适合压力的科目。","1964年,Randallstown md的环境研究伙伴承包商利用一所私立学校(Baltimore附近的Mcdonogh学校)游泳池,开发了一个中性浮力模拟能力,以模拟适合压力的科目。"
"科学家们声称,三联体是一种抗逆转录病毒药物, 保护小鼠免受辐射, 即由自由激进清扫引起的致命性。","替代和补充药物杂志上刊登的木卫一Kasturba医学院也报告了类似结果,当时科学家声称,三联体是一种ayurvedic rasayana药物,导致伽马辐射1.4灰色的辐射耐受度增加。","3⁄4三氯丁二烯是一种抗逆转录病毒药物 保护小鼠免受辐射, 这是免费的激进清理的致命性。","科学家们声称,三联体是一种抗逆转录病毒药物,保护小鼠免受辐射,即由自由激进清扫引起的致命性。","科学家们声称,三联体是一种抗逆转录病毒药物,保护小鼠免受辐射,即自由激进清扫引起的致命性。"
"一位政治顾问Damian Mcbride在10个下游街上工作, 毫无理由地污蔑一些保守派的音乐, 并送往Derek drapper, 考虑在红布布博客网站上发表。","污点在他的博客上披露, 由在10个下游街上工作的政治顾问Damian Mcbride 撰写了一系列电子邮件, 污蔑一些保守的禁制片,","政治顾问Damien McBride在10个下游街道工作, 将作品寄到Derek Drapper, 考虑在Redbub博客上张贴。","一位政治顾问Damian Mcbride在10个下游街上工作,污蔑了一些保守派的音乐,并送往Derek drapper, 考虑在红布布博客网站上发表。","一位政治顾问Damian Mcbride在10个下游街上工作, 污蔑一些保守派的音乐,"
"特别是由于美国对古巴的封锁(尽管有这种屏障,多年来古巴的一些最优秀的球员已经叛逃到美国,在美国专业联盟中打球),古巴国民是显著的例外。","库巴人(尽管有障碍,多年来库巴人中一些最优秀的球员都叛逃到美国参加美国专业联赛),","显著的例外是古巴国民,特别是由于美国对古巴的封锁,尽管如此,古巴的一些最佳参与者多年来一直叛逃到美国,并在同美国的专业联盟中发挥作用。","特别是由于美国对古巴的封锁(尽管有这种屏障,多年来许多优秀的球员已经叛逃到美国,在美国专业联盟中打球),","特别是由于美国对古巴的封锁(尽管有这种屏障,多年来一些最优秀的球员已经叛逃到美国,在美国专业联盟中打球),古国国民是显著的例外。"
"最常见的,也是最广为接受的, 提议为这个名字命名的 宗教学学 来源于希腊石头, “女性等同的肝脏, 一种模糊的阿波罗的神话。”",一种建议为 hecate 命名的词组 提供来自希腊语头的词组 女性等同的hekatos 一种模糊的单极的外表,"最常见的,也是最广为接受的, 宗教研究, 提议命名这个名字 来源于“女性的同种肝脏, 阿波罗模糊的神话。”","提议为这个名字命名的 宗教学学 来源于希腊石头, “女性等同的肝脏, 一种模糊的阿波罗的神话。”","最常见的,也是最广为接受的, 提议为这个名字命名的 宗教学学 来源于希腊石头, “女性等同的肝脏,一种模糊的阿波罗神话。”"
"托龙多是一个全球城市,在区域、国家和国际上有着重要影响,也是世界上最多文化和种族多样性的城市。","托龙多是一个全球城市,在区域、国家和国际上有着重要影响,也是世界上最多文化和多族裔的城市之一。","长途公路是一个具有重大区域、国家和国际影响的全球城市,是世界上多文化和族裔最多样化的城市之一。","托龙多是一个全球城市,在区域、国家和国际上有着重要影响,也是世界上最多文化和种族多样性的城市","托龙多是一个全球城市,在区域、国家和国际上有着重要影响,也是世界上最多文化和种族多样性的城市之一。"
粘土平面板是全世界娱乐部门(剧院、电视、音乐会、夜总会和户外活动)和建筑应用专业照明系统的主要开发者之一。,土基平面板是娱乐部门(剧院、电视、音乐会、夜总会和户外活动)和建筑应用专业照明系统的开发者。,平板板板是娱乐部门(戏剧、电视、音乐会、夜总会和户外活动)和全世界建筑应用专用照明系统的开发者。,粘土平面板是一家娱乐部门(剧院、电视、音乐会、夜总会和户外活动)照明系统的主要开发者之一。,粘土平面板是娱乐部门(剧院、电视、音乐会、夜总会和户外活动)和建筑应用专业照明系统的主要开发者之一。
"该公司是世界上最有声望的公司之一,雇用了800多名律师,主要以公司、诉讼和税务惯例著称。","公司雇用了800多名律师,主要以公司、诉讼和税务惯例著称。","该公司雇用了800多名律师,主要以公司、诉讼和税务惯例著称。","该公司雇用了800多名律师,主要以公司、诉讼和税务惯例著称。","该公司雇用了800多名律师,主要以公司、诉讼和税务惯例著称。"
"然而,尽管自2008年以来曾尝试进行重大福利改革,但领取失业疾病津贴的人数总数仍然大致相同:约有250万人,没有从失业疾病和残疾津贴预算中节省一分钱。","然而,尽管自2008年以来曾尝试进行重大福利改革,但领取失业疾病津贴的人数仍然大致相同:约250万人。","然而,尽管自2008年以来进行了重大福利改革,但领取失业疾病津贴的总人数大致保持不变:约250万人,但不影响失业疾病和残疾津贴预算。","然而,尽管自2008年以来曾尝试进行重大福利改革,但领取失业疾病津贴的人数总数仍然大致相同:约有250万人,没有从失业医疗补助预算中节省一分钱。","然而,尽管自2008年以来曾尝试进行重大福利改革,但领取失业疾病津贴的人数总数仍然大致相同:约有250万人。"
"1974年的纪录片由Abbie Hoffman(美国社会和政治活动家、芝加哥七大洲七大洲成员)导演,","1974年的纪录片由Abbie Hoffman导演(美国社会和政治活动家,",1974年纪录片由Abbie Hoffman(芝加哥七大洲成员)导演。,"1974年的纪录片由Abbie Hoffman(美国社会和政治活动家)导演,","1974年的纪录片由Abbie Hoffman(美国社会和政治活动家、芝加哥七大洲成员)导演,"
"一位来自锡亚族的记者声称, 数千名什叶派教派斗士正在集结; “目标是让一万人支持锡亚族军队和亲政府的民兵,","一位叙利亚安全人士声称, 数千名伊拉尼人和伊拉吉战士正在集结; “目标是让一万人支持沙利亚军队和亲政府的民兵,","一名来自西侧的记者说,数以千计的希亚战斗人员正在聚集;“目标是支持10 000名叙利亚军队和亲政府民兵,该国人民将能够支持他们。","一位来自锡亚族的记者声称, 数千名什叶派教派斗士正在集结;","一位来自锡亚族的记者声称, 数千名什叶派教派斗士正在集结; “目标是让一万人支持锡族军队和亲政府的民兵,"
"更确切地说,它是一个多种族国家, 超越了其他一切。","不过,应该指出,在某些国家,包括美国,作为白人民族的特征往往被过分强调,因为更准确地说,这是一个多种族国家。","这是一个多民族国家,超越一切","更确切地说,它是一个多种族国家,超越了其他一切。","更确切地说,它是一个多种族国家。"
"Williams再次道歉, 详细、深思熟虑地描述他在新闻中的角色,","威廉斯再次道歉, 并讲述他在新闻中的角色, 与今日节目的Matt Lauer的独家采访中,","Williams再次道歉,因为他详细描述了他在新闻中的角色,并努力帮助他把新闻带出国外。","Williams再次道歉,详细描述他在新闻中的角色,","Williams再次道歉, 详细地描述他在新闻中的角色,"
联邦王国(或“联邦王国”)是以伊丽莎白二世为各自君主的各民族联邦内十六个主权国家之一。,联邦王国是以伊丽莎白二世为各自君主的各民族联邦内十六个主权国家中的任何一个国家。,"联邦王国是16个主权国家之一,在国家联盟内,伊丽莎白二世是其中的主权国。",联邦王国是以伊丽莎白二世为各自君主的各民族联邦内十六个主权国家之一。,以伊丽莎白二世为各自君主的各民族联邦内十六个主权国家之一。
"他们玩这些评级游戏,以获得更多的评级权力,并扭曲收入分成付款。","据说他们玩这些评级游戏是为了获得更多的评级权力,并扭曲收入分成付款。","他们声称他们玩这些评级游戏是为了获得更多的评级权威,扭曲收入分享付款。","玩家们玩这些评级游戏,以获得更多的等级权力,并扭曲收入分成付款。","他们玩这些游戏,以获得更多的评级权力,并扭曲收入分成付款。"
"并让自己骄傲, 乐器联盟、马拉特萨芬、罗迪克、James blake、Ivan ljubii等球员及其他许多人都参加了Bangkok的比赛。",乐透联盟、马拉特萨芬、罗迪克、詹姆斯布莱克、伊万朱比和其他一些世界顶尖球员参加了在Bangkok举行的比赛。,"乐队,马拉萨芬,罗迪克,詹姆斯・布雷克 和许多其他演出 在曼谷。",乐器联盟、马拉特萨芬、罗迪克、James blake、Ivan ljubii等球员及其他许多人都参加了Bangkok的比赛。,"并让自己骄傲, 乐器联盟、马拉特萨芬、罗迪克、James blake、Ivan ljubii等球员及其他许多人都参加了Bangkok的比赛。"
卡车司机的驾驶车 将他们的专辑 南方摇滚歌剧献给 赖尼纳德·斯云尼,卡车司机将南方摇滚歌剧专辑 献给林纳德·斯凯恩斯,卡车司机的车将首张专辑 献给南方摇滚歌剧,卡车司机的驾驶车 将他们的专辑南方摇滚歌剧献给 赖尼纳德斯云尼,卡车司机的驾驶车 将他们的专辑 南方摇滚歌剧献给 赖尼纳德·斯云尼
"以及土耳其军队在该国东部发动空袭和行动, 包括封锁2015年七月的锡斯雷, 并宣布为新大选单方面停火。","当地民众宣布为新大选单方面停火。 当地民众宣布, 停火。","土耳其军队在该国东部发动空袭和行动,包括封锁2015年土耳其宪法和单方面停火以举行新选举。","以及土耳其军队在该国东部发动空袭和行动,包括封锁2015年七月的锡斯雷, 并宣布为新大选单方面停火|","以及土耳其军队在该国东部发动空袭和行动, 包括封锁2015年七月的锡斯雷,"
咖啡厅申诉程序在实践中如何运作的实例,咖啡厅申诉程序在实践中如何运作的实例,咖啡厅申诉程序如何运作的范例,咖啡厅申诉程序在实践中如何运作,咖啡厅申诉程序的实例
"elvis Presley在1956年与Rca签了字之后, 于1956年第一次发行67张专辑, 1977年去世后于1977年的16张,","Elvis Presley在1956年与Rca签署后, 于1977年去世后, 于1977年的Aguust 16号之间,","1956年与rca签署后, Elvis 1956年首次发行67张专辑, 1977年他死后又发行16张专辑。","elvis Presley在1956年与Rca签了字之后, 发行了67张专辑, 1977年去世后于1977年的16张,","elvis Presley在1956年与Rca签了字之后, 1956年发行了67张专辑, 1977年去世后于1977年的16张,"
"图书馆保存着Timbuktu最大的家庭手稿收藏, 藏有约22 000卷。","图书馆保存着Timbuktu最大的私人手稿收藏, 收藏约22000件物品。","图书馆收藏了廷巴克图最大的家庭手稿,藏有约22 000卷。","图书馆保存着Timbuktu最大的家庭手稿收藏 , 藏有约22 000卷","图书馆保存着Timbuktu最大的家庭手稿收藏, 约有22 000卷。"
"禁止部分生育堕胎法(第108-105、hr 760, s 3号公法)(或“pba禁令”)是美国的一项法律,禁止完全的放大和提取,即所谓的部分生育堕胎。","禁止部分生育堕胎法(第108-105、hr 760、s 3号公法)(或“pba禁令”)是美国的一项法律,禁止无保留地进行授精和抽取,一些立法者在非医学术语中提及了部分生育堕胎。","禁止部分堕胎(第108-105、hr、760 s 3号《公法》)(或“禁止怀孕)的法律是禁止完全放大和提取,即部分堕胎的联邦法律。","禁止部分生育堕胎法(第108-105、hr 760, s 3号公法)(或“pba禁令”)是美国的一项法律,禁止完全的放大和提取,即所谓的部分怀孕或胎儿畸胎 ,是对胎儿造成永久性的损伤的一种惩罚措施,也是一项强制性的法律","禁止部分生育堕胎法(第108-105、hr 760, s 3号公法)(或“pba禁令”)是美国的一项法律,禁止完全的放大和提取。"
这显然与犹太人相信上帝的纯洁相冲突(见Shema)。,与传统的犹太人对上帝的纯洁性的理解相冲突(见Shema)。,这与传统的犹太教信仰上帝纯洁相矛盾(见Shema)。,"但这显然与犹太人相信上帝的纯洁相冲突(见Shema , edwards, and shema).",这显然与犹太人相信上帝的纯洁相冲突(见Shema)。
"在美国,“医生”可以是具有对等病症的医学院毕业并被指定为医学博士或具有骨科病症的医学院,并被指定为医学博士。","在美国,“医生”可以是医学院毕业并被指定为医学博士的医生,也可以是具有骨科病理学的医学院,并且被指定为医学博士。","在美国,医生可以是具有同等条件的医学院毕业生的医生,被指定为骨质疏松症医生或医生和医生。","在美国,医生可以是具有对等病症的医学院毕业并被指定为医学博士 ,具有骨科疾病(脊柱侧梁疾病)医生院,或者具有整形外科医生(外科医师)资格(整形美容专业)毕业,并在整形医院取得相应学位,获得相应的医学学位(医学硕士)或学位授予权,并获得相应荣誉(荣誉学位)或者学位授权(授予学位),从而成为一名医生或医生,而不是医生助理或医师(医师),或者医生护士(护士)助理(医生)或其他专门从事医疗保健工作的人员,或者是医生","在美国,“医生”可以是具有对等病症的医学院毕业并被指定为医学博士或具有骨科病学的医生。"
"超过20名审核员都挑出关于点火、游戏和猎鲨的主题,","超过20名审核人员都挑出关于色、游戏、游戏鲨鱼的主题, 这也是许多博客文章和合唱团传说的主题。",审计员选择了点火、游戏和捕鲨等主题。,"超过20名审核员都挑出关于点火 ,游戏 和猎鲨主题,","超过20名审核员都挑出关于点火、游戏和猎鲨的主题,"
"尽管在谈判时澳洲已经是人均最大排放国之一, 但该国却获得8%增长的简单目标。","尽管在谈判时澳洲已经是人均最大排放国之一, 但该国仍获得8%增长的目标。","尽管澳洲在谈判时已经是人均最大排放国之一,但该国实现了8%的增长目标。","尽管在谈判时澳洲已经是人均最大排放国之一, 该国却获得8%增长的目标。","尽管在谈判时澳洲已经是人均最大排放国之一, 但该国却获得8%的增长目标。"
总统里根的任期标志着美国经济繁荣的时代。,"总统里根的任期标志着美国经济繁荣的时代,",总统里根的任职标志着美国经济繁荣的时代。,总统里根的任期标志着美国经济繁荣的时代。【阅读全文】,总统里根的任期标志着美国经济繁荣的时代。
"石板是一块石头或木板,通常比其宽度高,在古代西方文化中作为纪念碑而竖立。","石板是一块石头或木板,通常比其宽度高,在古代世界中作为纪念碑竖立。","石板是一块石头或板块,通常比它宽得多,是古老西方文化中树立的纪念碑。","石板是一块石头或木板,通常比其宽度高,在古代西方文化中作为纪念碑而竖立","石板是一块石头或木板,通常比其宽度高,在西方文化中作为纪念碑而竖立。"
"约有150起经证实的被德国平民、士兵、警察或准军事集团私刑杀害的坠毁的盟军飞机(特别是轰炸机)机组人员未亡,以报复联合恐怖爆炸(Alliierter炸弹攻击者)的报复。","还有大约150起经证实的被击毁的盟军飞机机组幸存人员被德国平民、士兵、警察或准军事集团杀害的案件,以报复所谓 "" 蒙古-美国爆炸恐怖 "" 的纳粹-宣传恐怖。","约有150人证实遭到报复,报复坠毁的联盟飞机(特别是轰炸机)机组人员,他们被德国平民、士兵、警察或准军事团体私刑杀害,以报复联合轰炸(直升机炸弹攻击者)。","约有150起经证实的被德国平民、士兵、警察或准军事集团私刑杀害的坠毁的盟军飞机(特别是轰炸机)机组人员未亡,以报复联合恐怖爆炸(Alliierter炸弹攻击者)","约有150起经证实的被德国平民、士兵、警察或准军事集团私刑杀害的坠毁的盟军飞机(特别是轰炸机)机组人员未亡,"
"一级是所有在2004年1月1日或之后加入政府职务的公务员必须缴纳的基本工资10%的Gp和da,每月从工资单中扣除。","2004年1月1日或1月之后,所有政府公务员都必须缴纳基本工资10%的Gp和da,每月从工资单中扣除。","第一级是所有公务员在2004年1个月后或之后加入政府必须支付的基本工资的10%,并从每月工资中扣除。","一级是所有在2004年1月1日或之后加入政府职务的公务员必须缴纳的基本工资10%的 gp和da,每月从工资单中扣除。","一级是所有在2004年1月1日或之后加入政府职务的公务员必须缴纳的基本工资10%的Gp和da,每月从工资单中扣除。"
"1979年选举阿德里亚罗杰斯为会长, 1979年以他在南部洗礼会 中 的突出作用而闻名于世。",1979年 阿德里亚罗杰斯当选了会长 1979年开始 保守派重新崛起 以他在南部受洗会中 的突出作用著称,"1979年,阿德里安·罗杰斯当选为总统,1979年,他在南部浸礼会教堂发挥了重要作用。","con 1979年选举阿德里亚罗杰斯为会长,1979年以他在南部洗礼会中的突出作用而闻名于世。","1979年选举阿德里亚罗杰斯为会长, 以他在南部洗礼会中的作用而闻名。"
"最高法院在Bush诉Gore案中以7-2票否决了Gore因违反平等保护条款而企图有选择地将选票计为违宪的企图,并裁定5-4无效,即宪法上有效的计票不能在12月12日的最后期限前完成。","最高法院在Bush诉Gore案中以7-2票表决驳回了Gore提出的重新计票的要求,因为违反了平等保护条款,不符合宪法,并进一步裁定5-4, 宪法上有效的重新计票不能在12月12日的最后期限之前完成。","在Bush诉Gore案中,最高法院以7-2票否决了Gore企图选择性地将投票归类为违反平等保护条款的违宪,并裁定5-4无效,即无法在12月12日的最后期限前完成有效的宪法计票。","最高法院在Bush诉Gore案中以7-2票否决了gore因违反平等保护条款而企图有选择地将选票计为违宪的行为,并裁定5-4无效,即宪法上有效的计票不能在12月12日的最后期限前完成。","最高法院在Bush诉Gore案中以7-2票否决了该案,裁定5-4无效,即宪法上有效的计票不能在12月12日的最后期限前完成。"
玩具故事3 得到普遍批评的赞美。,玩具故事3 得到非常积极的评议。,玩具第3号被批评为赞美。,"玩具故事3 得到普遍批评的 好评 ,特别是家长们的赞美。",玩具故事3得到普遍批评的赞美。
"军方“不要要求,不要告诉”有关破坏行为的政策, </blockquote> 更严格地加强边境安全、枪支所有权、自愿学校祈祷、取消医疗保健以及允许工人退出社会保障。",军队“不要问别告诉」政策、“/封锁”边境安全、枪支所有权、自愿学校祈祷、取消医疗保健以及允许工人退出社会保障。,"军方“不要要求,也不要告诉”破坏政策, </blockquate>, 这些政策更严格地加强边境安全,",军方更严格地加强边境安全、枪支所有权、自愿学校祈祷、取消医疗保健以及允许工人退出社会保障。,"军方“不要要求,不要告诉”有关破坏行为的政策, </blockquote> 更严格地加强边境安全、枪支所有权、自愿学校祈祷、取消医疗保健以及允许工人退出社会保障。"
"这是古老的封建部落的“荣誉守则”,属于阿富汗特有的暴力的中央亚洲景观,不幸的是,该地区仍然非常有效。","这是古老的封建部落的“荣誉守则”,属于阿富汗特有的暴力的中央亚洲景观,在该地区仍然有很大效力。","这是古代封建部落的“荣誉守则”,是亚洲暴力的中心景观,依然非常有效。","这是古老的封建部落的“荣誉守则”,属于阿富汗特有的暴力的中央亚洲景观,该地区仍然非常有效。","这是古老的封建部落的“荣誉守则”,属于阿富汗特有的暴力的中央亚洲景观。"
"她的表演剧包括 担任领导角色 在五集 出生的Rico决定 和电影 黄色, el Cantante, 和才华的区。","她的表演剧包括担任五集《出生和小角色》的主角,在黄色、El Cantante和 "" 镇里才 "" 电影中担任次要角色。",她的演技包括 波多黎各决定诞生的五集中 的主角 以及黄色的 El Cantante 和有才华的邻居,"她的表演剧包括 担任领导角色 在五集 出生的Rico决定 ,电影黄色, el Cantante, 和才华的区","她的表演剧包括 担任领导角色 在五集 出生的Rico决定 和电影 黄色, el Cantante,和才华的区。"
"白鸽鸟——母亲,拳头,阿拉德(第27次1928年黄麻,2004年第四期节日)是多林鸟表演艺术学院的创始人和艺术远见。","白鸽鸟 - 母亲,拳头,阿拉德(第27次1928年黄麻,2004年第四期胎儿)是多林鸟表演艺术学院的创始人。","多维鸟 -- -- 母亲,拳王,阿拉德(第27次黄麻1928年,第四节2004年)是多木艺术表演学院的创办人。","白鸽鸟——母亲,拳头,阿拉德(第27次1928年黄麻,2004年第四期节日)是多林鸟表演艺术学院的创始人","白鸽鸟——母亲,拳头,阿拉德(第27次1928年黄麻,2004年第四期节日)是多林鸟表演艺术学院的创始人。"
"由编辑编辑编辑所编成的可纠正的全人类缺陷目录,详细描述了许多跨人类主义者在人类的酶中提议进行的大量具体的基因改变,并为这一领域的研究提供了一套指导方针。","由编辑组成的人类缺陷全天性可纠正目录详细描述许多跨人类主义者喜欢在人类的酶中进行的大量具体的基因改变, 并为物种名称、先发制人地控制基因改变滥用以及研究和实施提供一套指导方针。","由编辑编辑和编辑汇编的可调控人类缺陷目录详细介绍了人类酶中许多跨高度提出的一些具体基因变化,并为这一领域的研究提供了一套准则。","可纠正的全人类缺陷目录,详细描述了许多跨人类主义者在人类的酶中提议进行的大量具体的基因改变,并为这一领域的研究提供了一套指导方针。","由编辑编辑所编成的可纠正的全人类缺陷目录,详细描述了许多跨人类主义者在人类的酶中提议进行的大量具体的基因改变,并为这一领域的研究提供了一套指导方针。"
"ibn qudamah也拒绝这种做法,并指出先知和正确指引的哈里发鼓励以温和和友好的方式收集济斯雅。","ibn qudamah也反对这种做法,并指出,穆罕马德和拉皮德加里夫鼓励温和和友好地收集吉兹亚。","ibn quadamah也反对这种做法,指出,得到适当指导的穆哈马德和哈里发人鼓励以温和友好的方式收集齐西亚。","ibn qudamah也拒绝这种做法,并指出哈里发鼓励以温和和友好的方式收集济斯雅。","ibn qudamah也拒绝这种做法,并指出哈里发鼓励以温和和友好的方式收集济斯雅。"
漫画杰作巴切斯特塔(1857年) 可能已经成为最著名的了,巴切斯特塔(1857年)很可能已是最著名的。,漫画人物Bachestar 可能已经成为最著名的人物。,漫画杰作巴切斯特塔(1857年) 可能已经成为最著名的,漫画杰作巴切斯特塔(1857年) 可能已经成为最著名的
1975年 英玛·伯格曼 制作的一部受人欢迎的电影版,1975年由 ingmar bergman 导演的电影版,1975年 一部由英玛伯格曼导演的电影,1975年 英玛·伯格曼 制作的一部电影版,1975年 英玛·伯格曼制作的电影版
包括民主的州长Dave Freudenthal 怀俄明州和荷兰的菲尔·布雷德森。,批评者包括达夫·费伦斯(Dave Freundenthal)的怀俄明州和德涅西州的菲尔·布雷德森。,包括怀俄明州的民主总督戴夫·弗洛伊德恩塔尔和民主参议院候选人荷兰的菲尔·布雷德森。,包括民主的州长Dave Freudenthal 怀俄明州 荷兰的菲尔·布雷德森 以及荷兰民主联盟(pro-choice)成员埃里克劳伦斯 麦凯恩逊 格雷厄姆斯特丹,包括民主州长Dave Freudenthal 怀俄明州和荷兰的菲尔·布雷德森。
宗教事务部还指控这些个人在2000年7月因Ariel Sharon访问al-aqsa清真寺而爆发的起义中发挥隐蔽作用。,"宗教间委员会还指控这些个人在2000年september 爆发的起义中发挥隐蔽作用,这次起义是在Ariel Sharon访问al-aqsa清真寺之后爆发的。","宗教事务部还指称,这些人在2000年初发生的起义中发挥了隐蔽作用,这次起义是因伊斯雷利政府访问al-aqsa清真寺而爆发的。",宗教事务部还指控这些个人在2000年7月因Ariel Sharon访问al-aqsa清真寺而爆发的起义中发挥隐蔽作用|,宗教事务部还指控这些个人在2000年7月因Ariel Sharon访问al-aqsa清真寺而爆发的起义中发挥隐蔽作用。
"也发现尽管总理米科拉·阿扎罗夫承诺停止杀戮, 狗仍被屠杀,","也发现尽管总理米科拉·阿扎罗夫承诺阻止, 狗在准备比赛时仍被杀害。",也发现政府利用警方防止杀戮。 警方也利用警方来阻止杀戮。,"也发现尽管总理米科拉·阿扎罗夫承诺停止杀戮, 狗仍遭屠杀,","也发现尽管总理米科拉·阿扎罗夫承诺停止杀戮, 狗仍被屠杀,"
"接替史密斯的托尼·布莱尔被选为党的领导,该党后来放弃了传统的社会主义,后来在1997年赢得劳工党的胜利。 Blair随后承认他同意目前宪章88的许多目标和意图。","接替史密斯的托尼·布莱尔被选为党的领导,该党后来于1997年赢得劳工党的胜利,Blair随后承认他同意目前章程88的许多目标和意图。","接替史密斯的托尼·布莱尔当选为该党领导人,该党后来放弃了传统的社会主义,于1997年赢得了劳工党的胜利,他随后承认他同意现行88年宪章的许多目标和意图。","接替史密斯的托尼·布莱尔被选为党的领导,该党后来放弃了传统的社会主义,后来在1997年赢得劳工党的胜利。","接替史密斯的托尼·布莱尔被选为党的领导,该党后来放弃了传统的社会主义,后来在1997年赢得劳工党的胜利。 Blair随后承认他同意目前宪章88的许多目标和意图。"
"即使观测到的宇宙中的每个质子都是一只猴子, 身上装着打字机, 从大爆炸打到宇宙末(当质子不复存在时), 它们仍然需要更多时间 超过三万六千个数量级 才能有甚至十分之一的成功机会。","即使观测到的宇宙中的每个质子都是一只猴子, 身上装着打字机, 从大爆炸打到宇宙末(当质子不复存在时), 它们仍然需要更多时间 超过30万6千个数量级 才能有10500个成功的机会。","即使宇宙中观察到的每个质子都是猴子, 上面有打字机, 从大爆炸到宇宙末端(质子消失时), 它们仍然需要更多的时间 才能成功, 达到36,000个数量级。","即使观测到的宇宙中的每个质子都是一只猴子, 身上装着打字机, 从大爆炸打到宇宙末(当质子的不存在不再存在时), 它们仍然需要时间超过三万六千个数量级才能有甚至十分之一的成功机会。","即使观测到的宇宙中的每个质子都是一只猴子, 身上装着打字机, 从大爆炸打到宇宙末(当它们不复存在时), 它们仍然需要时间 超过三万六千个数量级 才能有甚至十分之一的成功机会。"
诗人海马希尼(simus heaney)是其中最精彩也是最近最精彩的一曲。,最新消息之一是诗人海马希尼。,诗人喜马拉尼是最近的一个。,"诗人海马希尼(simus heaney)是其中最精彩也是最近最为精彩的一首曲 ,",诗人海马希尼(simus heaney)是其中一首。
"冲突造成1 400多人丧生,其中大多数是黎巴嫩平民,严重损坏了利巴尼基础设施,使近975 000名利巴尼人和300 000名以色列人流离失所。","冲突造成1 400多人丧生,其中大多数是黎巴嫩人,严重损坏了利巴的基础设施,使近975 000名利巴尼人和300 000名西经人流离失所","冲突造成1 400多人死亡,其中大多数是黎巴嫩平民,对解放组织的基础设施造成严重破坏,近975 000名解放组织和300 000名以色列人流离失所。","冲突造成1 400多人丧生,其中大多数是黎巴嫩平民,严重损坏了利巴尼基础设施,使近975 000名以色列人流离失所","冲突造成1 400多人丧生,其中大多数是黎巴嫩平民,严重损坏了伊斯雷尔基础设施,使近975 000名以色列人流离失所。"
"由微软窗口和播放站4的极数数字极端开发的 自由游戏, 玩家可以自由下载游戏货币,","游戏框架是一个合作玩乐的第三人手射击游戏,由微软窗口和播放站4的数字极端开发,虽然游戏可以自由下载,但玩家可以购买游戏中货币,称为白金。","由窗口开发的自由游戏和玩耍站4的极端数字游戏极端, 玩家可以自由地下载游戏货币, 而游戏是一种游戏, 是一种世界游戏。","由微软窗口和播放站4开发的 自由游戏, 玩家可以自由下载游戏货币,","由微软窗口和播放站4开发的 自由游戏, 玩家可以自由下载游戏货币,"
"利用合成人流行的流行, giorgio moroder被雇用为影片创作歌曲(虽然有趣,","利用合成人流行的流行,雇用了giorgio moroder为电影创作歌曲(虽然电影中很少使用)。","乔治·莫罗德用合成材料为电影写歌(虽然有趣,但不仅是为了正在写歌的人,也是为了正在写歌的人)。","利用合成人流行的流行, giorgio moroder被雇用为影片创作歌曲","利用合成人流行的流行, giorgio Moroder被雇用为影片创作歌曲。"
"说交易拖延了, 但俱乐部很快否认谣言, 一名俱乐部发言人表示, 他们和Tvez都“对情况感到放松”,","说交易拖延了, 但俱乐部很快否认谣言, 一名俱乐部发言人表示, 他们和Tvez都“对情况有所松懈”。","俱乐部的发言人说 他们和Tvez都在""放松""","说交易拖延了, 但俱乐部很快否认谣言,一名俱乐部发言人表示, 他们和Tvez都对情况感到放松”,","说交易拖延了, 但俱乐部很快否认谣言, 一名俱乐部发言人表示,"
"1991年,她用活生生的武力将女同性恋Catherine Sttauffer从她试图拍摄的教堂的矿石公民联盟活动中赶走。","1991年,她试图在教堂拍摄的矿石公民联盟活动中,将女同性恋卡瑟琳·斯塔弗尔(Catherine Stauffer)从她试图拍摄的教堂中活生生地从一次矿石公民联盟活动中开除出来。","1991年,她将女同性恋凯瑟琳·斯塔弗尔驱逐出奥列公民联盟,","1991年,她将女同性恋Catherine Sttauffer从她试图拍摄的教堂的矿石公民联盟活动中赶走。","1991年,她用活生生的武力将女同性恋Catherine Sttauffer从她试图拍摄的教堂的矿石公民联盟活动中赶走。"
柯克·德米科是学院奖 获提名的美国编剧 导演和制片人,柯克·德米科是一名美国编剧 导演和制片人,Kirk de Mico是美国作家、导演和制片人。,柯克·德米科是学院奖 获提名的美国编剧 导演 制片人,柯克·德米科是美国编剧 导演和制片人
俄国人可能有能力在月球表面 打印锤子和镰刀 如果他们在火箭技术中找到铅的话,俄国人可能有能力在月球表面 打印锤子和镰刀 如果他们在火箭技术中找到铅的话,"俄罗斯人有可能在月球表面打印锤子和镰刀,如果他们在火箭技术中发现铅。",俄国人可能有能力在月球表面打印锤子和镰刀 如果他们在火箭技术中找到铅的话,俄国人可能有能力在月球表面 打印锤子和镰刀 如果他们在火箭技术中找到铅的话
"这使水能够沿着胜利之旅移动到最需要的地方,并减少气候变化时代当地干旱的影响。","这使水能够沿着胜利之旅移动到最需要的地方,并减少在被认为是受气候变化影响的时代当地干旱的影响。","这使水能够转移到最需要的地方,减轻气候变化时代当地干旱的影响。","这使水能够沿着胜利之旅移动到最需要的地方,从而减少气候变化时代当地干旱的影响。","这使水能够沿着胜利之旅移动到最需要的地方,并减少气候变化时代当地干旱的影响。"
"以及博戈斯最高当局(西班牙保守派, 社会主义者在这方面支持)的强烈反弹。","由Basque和trevio地方当局提出, 主张至少与熔岩合作的意愿, 遭到博格斯最高当局(西班牙保守派,",博戈斯最高当局最强烈的反应是西班牙当局的强烈反应。,"以及博戈斯最高当局(西班牙保守派, 在这方面支持)的强烈反弹。","以及博戈斯最高当局(西班牙保守派,社会主义者在这方面支持)的强烈反弹。"
"主要出口品牌是:泰斯基格罗尼(tyskie granie),占全食性白啤酒的5.5%;和基斯克(ksice Tyskie),占5.7%的经典啤酒。","主要出口品牌是:泰斯基格罗尼(Tyskie granie), 面值5.5%的淡啤酒, 和基斯克(Ksice Tyskie), 面值5.7%的啤酒。",主要出口品牌是:占全食白啤酒5.5%的Teskie pranaie和占经典啤酒5.7%。,"主要出口品牌是:泰斯基格罗尼(tyskie granie),占全食性白啤酒的5.5%;和基斯克(ksice Tyskie)占 5.7%","主要出口品牌是:泰斯基格罗尼(tyskie granie),占全食性白啤酒的5.5%;和基斯克(ksice Tyskie)的经典啤酒。"
"在俄罗斯和前苏维埃共和国以外,特别是2006年伊萨-莱巴农冲突之前和期间,赫兹波拉利巴尼民兵还利用卡秋莎来保卫伊斯雷尔攻击。","特别是在2006年伊萨-莱巴农冲突之前和期间, 特别是赫兹波拉利巴尼民兵针对伊斯拉耳(Israel-Lebanon)使用卡秋莎。","在2006年伊萨-黎巴嫩冲突之前和期间,Hezpolilibani民兵还利用卡秋莎保卫伊斯雷尔袭击。","在俄罗斯以外,特别是2006年伊萨-莱巴农冲突之前和期间,赫兹波拉利巴尼民兵还利用卡秋莎来保卫伊斯雷尔攻击。","在俄罗斯和前苏维埃共和国以外,特别是2006年伊萨-莱巴农冲突之前和期间,赫兹波拉利巴尼民兵还利用卡秋莎来保卫伊斯雷尔攻击。"
原组织在最后一位活着的成员去世后解散。,原组织在最后一位活着的成员去世后解散。,前组织在其最后一个活着的成员死亡后解散。,"原组织在最后一位活着的成员去世后宣告解散 ,直至最后一批成员确认死亡为止为止!",原组织在最后一位活着的成员死亡后解散。
"穷人的薪酬高于其收入,而穷人的薪酬高于非穷人。",穷人的薪酬比非穷人的薪酬高出收入。,"富人的收入超过收入,而穷人的收入多于富人。","穷人在薪酬高于其收入,而穷人的薪酬低于非穷人;","穷人的薪酬高于其收入,而富人则高于非穷人。"
"福音派的典型特征是强调福音派,以及信徒们称之为“个人”的皈依经历(有些人称其为“又出生了”)。","福音的特点是强调福音,以及信徒们称之为“个人”皈依的经历(耶稣福音称其为“又出生了”)。",福音传统的特点通常是强调福音和个别皈依(有些人称其为“又出生了”)。,"福音派的典型特征是强调福音,以及信徒们称之为“个人”的皈依经历(有些人称其为“又出生了”)。","福音派的典型特征是强调福音,以及信徒们称之为“个人”的皈依经历(有些人称其为“又出生了”)。"
与中学生的这种联系对行业有许多好处。,"目前有证据表明,与中学生的这种联系对这个行业有利。",与中学生的这种联系对行业有利。,与中学生的这种联系对行业有许多可能的影响,与中学生的这种联系对行业有许多好处。
"1979年至1986年,在10个网络上播放了多张获奖的澳洲儿童电视节目,由记者西蒙镇主办。","1979年至1986年,在10个网络上播放了奥斯特里亚儿童电视节目,由记者西蒙镇主办。","1979年至1986年,在记者Simon Town主办的10个网络上播放了数个儿童电视节目。","1979年至1986年,在10个网络上播放了多张获奖的澳洲儿童电视节目,由记者西蒙镇主办","1979年至1986年,在10个网络上播放了澳洲儿童电视节目,由记者西蒙镇主办。"
"贝索拉战斗,骆驼战斗,或果酱战斗,是56年在拜斯拉(伊拉克)巴斯拉发生的一场战斗,是同阿里(先知穆罕马德的表弟和女婿)结盟的部队与与阿里前继母阿丽莎(先知穆哈马德的遗孀)结盟的反叛穆斯林的上级部队之间的一场战斗,后者承认阿里是哈里发,直到他发现前哈里发特命全权杀人犯。","与阿拉伯穆斯林结盟的军队(先知的表兄女婿)与与阿拉伯穆斯林的高级部队(先知的前妻,现在的遗孀)反对阿里作为哈里发的地位。","贝索拉战斗、骆驼战斗或混战是56年在巴斯拉(伊拉克)的战斗,是Ali(先知穆罕默德的表兄女婿)的盟军与前继母Alisa(先知穆罕默德的遗孀)的叛军穆斯林的上级部队之间的战斗,后者承认他是哈里发人,直到他发现前哈里发人杀人犯。","贝索拉战斗,骆驼战斗 ,或果酱战斗(56年巴斯拉发生的一场战斗),是同阿里(先知穆罕马德的表弟和女婿)结盟的部队与与阿里前继母阿丽莎(阿卜杜勒艾哈迈德穆哈马迪的遗孀 |阿里的前继母亲阿莉莎,后来阿里的母亲艾卜拉姆,最后阿里成为了哈里发,直到他发现前哈里的发特命全权杀人犯","贝索拉战斗(骆驼战斗或果酱战斗)是56年在巴斯拉发生的一场战斗,是同阿里(先知穆罕马德的表弟和女婿)结盟的部队与与阿里前继母阿丽莎(穆哈马迪的遗孀)的反叛穆斯林的上级部队之间的一场战役,后者承认阿里是哈里发,直到他发现前赫拉发特命全权杀人犯。"
"无论是慰安妇、“棺材女孩”还是贵族妇女, 白人妇女都不愿定居在法国殖民地,","无论是慰安妇、“棺材女孩”还是贵族妇女, 白人妇女都不愿定居在法国殖民地,","白人妇女不愿定居在殖民地, 不管是慰安妇、“有色女孩”还是高贵妇女。","无论是慰安妇、贵族妇女, 白人妇女不愿定居在法国殖民地,","无论是慰安妇、“棺材女孩”还是贵族妇女, 白人妇女不愿定居在法国殖民地,"
这片巨大的松林 穿过大海滨山脉的低高处 长达3000公里 几乎全程 包括西部巴基斯坦的蓬贾布省 部分通过被占领的卡什米尔 北部印度的贾穆和卡什米尔州 黑马沙尔和锡克希斯州 乌塔拉克汉和锡基姆州 内帕尔和布坦州 松林的东部地区,这片巨大的松林 穿过大海滨山脉的低高处 长达3000公里 几乎全程 包括西部巴基斯坦的普纳贾布省 部分通过阿扎德卡什米尔 北部印度的贾穆和卡什米尔州 黑马沙尔普拉德什州 乌塔拉克汉德和锡基姆州 内帕勒和布坦州 松林的东部地区,"这片巨大的松林穿过大海岸山脉的低高处,长3 000公里,几乎穿过巴基斯坦西部的蓬巴贾布省,部分穿过卡西米尔的软木林东部,北部印度邦贾马和哈什米尔、赫马萨和锡克西、乌特拉汗和锡金、尼帕尔和布坦等北部邦。",这片巨大的松林 穿过大海滨山脉的低高处 长达3000公里 几乎全程 包括西部巴基斯坦的蓬贾布省 部分通过被占领的卡什米尔 北部印度的贾穆和卡,这片巨大的松林 穿过大海滨山脉的低高处 长达3000公里 几乎全程 包括西部巴基斯坦的蓬贾布省 部分通过被占领的卡什米尔
"金属装备的很多核心球迷 固态系列批评这个游戏 偏离了这个游戏 与系列的隐形/动作游戏游戏太远, 酸选择了一个转盘牌战役系统。","更多金属装备系列的球迷批评这场游戏偏离了 隐形/动作游戏系列的游戏游戏, 酸性选择了一个转盘牌战役系统。",金属设备粉丝系列 固态系列 批评这场游戏 偏离游戏 以及一系列无形/运动游戏 离得太远,"金属装备的很多核心球迷 固态系列批评这个游戏偏离了这款游戏 与系列的隐形/动作游戏游戏太远,酸选择了一个转盘牌战役系统。",金属装备的很多核心球迷 固态系列批评这个游戏 与系列的隐形/动作游戏游戏太远 酸选择了一个转盘牌战役系统
"葡语人主张进一步承认他们的语言, 就象在每一个大陆所讲的: 脚印、brazil、angola、mozambique、cape verde、麦地那比索、Sao tome和principe, 以及asia timor-leste、macau和goa。","许多葡语人主张进一步承认他们的语言, 并主张在大陆上使用: 脚印、布拉齐尔语、安戈拉语、莫扎比克语、斗篷动脉、麦地那比索语、索语、普林西佩语、以及阿西亚语、马考语和谷歌。","土族鼓吹进一步承认他们的语言,包括脚印、布拉齐尔语、安戈拉语、莫桑比克语、斗篷动脉、梅迪纳比索、萨托米语和普鲁奇佩语,以及亚提默列斯特语、马考语和古阿语。","葡语人主张进一步承认他们的语言, 就象在每一个大陆所讲的: 脚印,brazil,angola,mozambique,cape verde,麦地那比索,Sao tome ,principe,以及asia timor-leste, macau andgoa 等等,","葡语人主张进一步承认他们的语言, 就象在每一个大陆所讲的: 脚印、brazil、angola、mozambique、cape verde、麦地那比索、Sao tome和principe,"
"根据中国消息来源,2001年中国人民币(tigbet)的gdp为139亿元(18亿元)。","中国政府宣称2001年的鸡蛋格达139亿元(18亿元),","2001年中国人民币的gdp价值为139亿元(1 800亿元),",2001年中国人民币(tigbet)的gdp为139亿元(18亿元)。,"根据中国消息来源,2001年中国人民币(tigbet)的gdp为139亿元(18亿元)。"
迈阿密结束了最顶尖的内布拉斯加22场比赛的赢家 赢得了第一次全国冠军 赢得了31 -30场胜利,"迈阿密在1984年的橙色碗中, 结束了最顶尖的内布拉斯加22场比赛的赢家, 赢得了第一场全国冠军,",迈阿密结束了22届最先进的内布拉斯加州冠军 赢得了第一场全国冠军31 -30,迈阿密结束了最顶尖的内布拉斯加22场比赛的赢家赢得了第一次全国冠军,迈阿密结束了最顶尖的内布拉斯加22场比赛的赢家 赢得了第一次全国冠军 赢得31 -30场胜利
书中包含一个意外的版本 王子的命运在塔。,这本书还虚构了 塔里王子的命运,这本书包含了王子在塔里的命运,书中包含另一个版本 王子的命运在塔。,书中包含一个版本 王子的命运在塔。
"他被激怒到斯威登, 其政府被严格命令 立即把他带到美国 来完成当时的 最高机密曼哈顿项目。","他被激怒到斯威登, 该国政府规定他 立即被送到美国 从事当时的 最高机密曼哈顿项目。",严格命令他的政府 立即带他到美国 完成当时最机密的曼哈顿计划,"他被激怒到斯威登,其政府被严格命令立即把他带到美国来完成当时的最高机密曼哈顿项目。","他被激怒到斯威登, 其政府被严格命令 立即把他带到美国 完成当时的 最高机密曼哈顿项目。"
"古代的埃及艺术中 集合的动物,或沙, 是一种奇异的动物, 是神的特异动物。","古代的埃及艺术中 集合动物,或沙, 是神的动物。","古代的埃及人收集动物或沙子的艺术 被认为是一种奇怪的动物,一种神的动物","古代的埃及艺术中 集合的动物,或沙,是一种奇异的生命动物 , 神的特异动物。","古代的埃及艺术中 集合的动物,或沙, 是神的特异动物。"
故意滥用苯并二氮杂卓者通常还有其他药物滥用问题。,苯并二氮杂卓的娱乐性使用者通常还有其他药物滥用问题。,使用苯并二氮杂卓往往与其他药物滥用问题有关。,苯并二氮杂卓者通常还有其他药物滥用问题。,故意使用苯并二氮杂卓者通常还有其他药物滥用问题。
"主要的区别在于, 吉斯塔波人是在敌国工作的德国人, 而河马团由达尼斯组成,","主要的区别在于大部分的黑猩猩都是在敌国工作的德国人, 而潮马队则完全由为德国占领者工作的达尼斯组成。","主要的区别是吉斯塔波人是德国人 在敌人中工作, 而河马由达尼斯组成。","主要区别在于, 吉斯塔波人是在敌国工作的德国人, 而河马团由达尼斯组成,","主要的区别在于, 吉斯塔波人是在敌国工作的德国人, 而河马团由达尼斯组成,"
慈善慈善哲学:摩尔基金会为在菲律賓和海滨受苦受难的儿童提供服务。,万塔基金会为在费城和海滨受苦受难的儿童提供服务。,摩尔基金会为菲律宾和海边受苦受难的儿童提供服务。,慈善慈善哲学:摩尔基金会为在菲律賓和海滨遇难儿童提供服务。,慈善慈善哲学:摩尔基金会为菲律賓和海滨受苦受难的儿童提供服务。
"专辑《1992-1996年眼花》,是1992-1996年期间在各种2-4-和8轨录音带波尔塔制片厂创作的乐队的歌曲汇编,1998年以臭名昭著的空间摇滚标签、烧发记录发行。","他们的第一张专辑,《1992-1996年眼珠》,1992-1996年创作的乐队歌曲汇编,Cd,于1992-1996年出版,1998年以烧焦的头发记录发表。","1998年发行了《1992-1996年Eyeblow》特别版,这是博尔塔2-4和8轨录音室制作的乐队歌曲汇编,并附有空间岩石标签和燃烧记录。","专辑《1992-1996年眼花》,是1992 - 1996年期间在各种2-4-和8轨录音带波尔塔制片厂创作的乐队的歌曲汇编,1998年以空间摇滚标签、烧发记录发行。","专辑《1992-1996年眼花》,是乐队的歌曲汇编,1998年以空间摇滚标签、烧发记录发行。"
"他唯一与今天有关的工作是主音的奏音,其中吉他被流行的曲解。","他今天最著名的作品是主音的奏音,其中吉他有流行的曲解。","他唯一与今天有关的工作就是主声的音乐, 他演奏流行曲折。","他的唯一与今天有关的工作是主音的奏音,其中吉他被流行的曲解。","他唯一与今天有关的工作是主音的奏音,其中吉他被曲解。"
也成为最有争议的人之一。,"无疑是最近政治史上最著名的英国政治家之一, 她也是最有分歧的,",博客也将此列为他最有争议的文章之一。,也成为最为争议的人之一。【阅读全文】,也成为最有争议的人之一。
"即《星际大战》一集,v:帝国反击, 通常称为特斯布或埃斯布, 是第一部发行的恒星战争电影的续集,","也成为第一部发行的星球大战电影的续集, 第二部影片在最初的三部曲中发行。","即:帝国对第一个即将发行的明星战争电影, 以及第一个即将发行的,第一个即将发行的, 第一个是明星战争电影, 第一个是第一个被发行的, 第一个被发行的, 第一个被发行的, 第一个被世界所战斗的明星。","即《星际大战》一集,v:帝国反击, 是第一部发行的恒星战争电影的续集","即《星际大战》一集,v:帝国反击, 通常称为特斯布或埃斯特布,是第一部发行的恒星战争电影的续集。"
每天从工会站到Harare的交通转移。,"每天从工会站到Hare的交通转移,",工会站和哈拉雷之间的日常交通交通转移。,每天从工会站到Harare市中心的交通转移,每天从工会站到Harare的交通转移。
美国人类学协会(aaa)是世界上人类学领域最大的学者和从业者专业组织。,美国人类学协会(aaa)是人类学领域学者和从业者的一个专业组织。,美国人类学家协会是人类学领域最大的学者和从业者专业组织。,美国人类学协会(aaa)是人类学家领域最大的学者和从业者专业组织。,美国人类学协会(aaa)是一个学者和从业者专业组织。
他成为了正统神学家 一位解放者反邪教的作者 与卡特哈人对抗,"他成为天主教神学家, 一位解放者反同性恋的作者 与卡特哈人对抗。","他成为了神学家, 解放者反教派的作者, 与卡特里人战斗。",他成为了正统神学家一位解放者反邪教的作者 与卡特哈人对抗,他成为了正统神学家 一位反邪教的作者 对抗卡特哈人
"与地区航空条例、培训要求、安全和工作条件有关的问题, 可能引发事故。",事件中讨论的与区域航空条例、培训要求、安全和工作条件有关的问题。,与区域航空条例、培训要求、安全和工作条件有关的问题可能导致事故。,"与地区航空条例、培训要求、安全和工作条件有关的问题, 有可能引发事故","与地区航空条例、培训要求、安全和工作条件有关的问题, 可能引发事故。"
"自1999年普尔奇政府开始迫害中国人民共和国以外地区人民党(pira)以来,与法轮风有关的人权活动急剧增加,这在世界各地许多大城市的抗议行动中经常看到,并通过电子和印刷媒体大量媒体。","人民人民共和国(四月)外的falun Gung活动自1999年普尔奇政府开始镇压后急剧增加, 世界各地许多大城市的抗议行动经常看到,","自1999年普里奇政府开始镇压普里奇以外的人民党(皮拉)以来,与法国风有关的人权活动急剧增加,这在世界各地许多主要城市的抗议活动中经常看到,并通过电子和印刷媒体广泛传播。","自1999年普尔奇政府开始迫害中国人民共和国以外地区人民党(pira)以来,与法轮风有关的人权活动急剧增加,这在世界各地许多大城市的抗议行动中经常看到,并通过电子和印刷媒体大量媒体。","自1999年普尔奇政府开始迫害中国人民共和国以外地区人民党(pira)以来,与法轮风有关的人权活动急剧增加,这在世界各地许多大城市的抗议行动中经常看到,并通过电子和印刷媒体大量媒体。"
"也是一份光荣的专辑, 适合10年的展销期。",也是艺术界十年的一幕落幕。,也适合延长十年,专辑适合10年的展销期。,"也是一份专辑, 适合10年的展销期。"
"1860-1914年, 英国人认识到, 英国人经济实力比印度强, 但他对经济贸易帝国主义、巴格达德铁路、东欧对抗、高压政治言论和国内压力集团等争议轻描淡写。","中立的英国人与德国人、英国人和英国人交战, 1860-1914年, 声称德国人经济实力比印度强, 战争至关重要, 但他低估了经济贸易帝国主义、巴格达德铁路、东欧对抗、高压政治言论和国内压力集团等争议。",英国人低估了在经济贸易帝国主义、巴格达-德国铁路、东欧对抗、高压政治言论和国内压力集团等争议。,"1860-1914年, 但他对经济贸易帝国主义、巴格达德铁路、东欧对抗、高压政治言论和国内压力集团等争议轻描淡写。","1860-1914年,英国人认识到英国经济实力比印度强,但他对经济贸易帝国主义、巴格达铁路、东欧对抗、高压政治言论和国内压力集团等争议轻描淡写。"
"许多非洲人认为,基督教长期以来与奴隶制和种族隔离联系在一起。","许多非裔美国人的心中,白种基督教与奴隶制和种族隔离联系在一起。",许多人认为基督教长期以来就与奴隶制和种族隔离联系在一起。,"许多非洲人认为,基督教长期以来与奴隶制联系在一起。","许多非洲人认为,基督教长期以来与奴隶制和种族隔离有关。"
"这种无私活动导致Uaoc复兴对手的抵抗----12次对父亲和家人的袭击,警方记录了这些袭击,其中,企图杀害他们,造成严重后果,并纵火烧毁他们的住所。","警方记录了12起对父亲和家人的袭击,其中未遂杀害他们,造成严重后果,并纵火烧毁他们的住所。","这导致Uaoc的反对派抵抗重新建立,12起袭击父亲和家庭的事件,警方记录了这些事件,他们企图杀死他们,造成严重的后果,并烧毁他们的房屋。","这种无私活动导致Uaoc复兴对手的抵抗----警方记录了这些袭击,其中,企图杀害他们,造成严重后果,并纵火烧毁他们的住所。","这种无私活动导致Uaoc复兴对手的抵抗----12次袭击父亲和家人,警方记录了这些袭击,其中,企图杀害他们,造成严重后果,并纵火烧毁他们的住所。"
产品是经过连古柯可乐自己的产品测试者发现 人们更喜欢更甜的培普西味道后推出的。,产品是在古柯可乐自己的产品测试者确定许多人更喜欢更甜的培普西之后推出的。,"甚至在古柯可乐测试者发现人们更喜欢甜食百事可乐后,该产品也开始生产。",产品是经过连古柯可乐自己的产品测试者发现人们更喜欢更甜的培普西味道后推出的。,产品是经过连古柯可乐自己的产品测试者发现 人们更喜欢更甜的培普西味道后推出的。
"1948年出生于奥克托尔6号, 曾任皮诺切特将军军事独裁时期的希兰经济学家和前部长。","1948年出生于奥克托尔6号, 曾任军事政权部长,","1948年生于第6号屋,","1948年出生于奥克托尔6号, 曾任皮诺切特将军军事独裁时期的希兰经济学家 ,前部长","1948年出生于奥克托尔6号, 曾任皮诺切特将军军事独裁时期的希兰经济学家和前部长。"
"Harris在强调目前伊斯兰在国际恐怖主义问题上造成的特殊问题的同时,公开攻击各种宗教的宗教,不论其形式和信仰如何。","Harris在强调目前伊斯兰认为国际恐怖主义问题时,公开攻击各种宗教的口号和信仰。","哈里斯公开攻击所有宗教的宗教,不论其形式和信仰如何,同时强调伊斯兰目前在国际恐怖主义问题上造成的特殊问题。","Harris在强调目前伊斯兰在国际恐怖主义问题上造成的特殊问题的同时,公开攻击各种宗教,不论其形式和信仰如何。","Harris在强调目前伊斯兰在国际恐怖主义问题上造成的特殊问题的同时,公开攻击各种宗教,不论其形式和信仰如何。"
"1822年6月17日,当他身处塞尔比亚(见下文)时,第j. j. afrik与19岁的Jlia ambrzy de sden(;18031876)结婚,他是1803年出生的本日塞里比亚的低年级高智者。","1822年6月17日,当他身处塞尔比亚(见下文)时,第j. j. afrik与19岁的Jlia ambrziov(;18031876)结婚,他是1803年出生的本日塞里雅的低年级高智商成员。","1822年6月17日,当他在塞尔维亚(见下文)时,他与19岁的Jlia ambrzy de Sden(1803 1876)结婚,后者是1803年出生的初级作家。","1822年6月17日,当他身处塞尔比亚(见下文)时,第j. j. afrik与19岁的Jlia ambrzy de sden(;18031876)结婚,他是 1803年出生的本日塞里","1822年6月17日,当他身处塞尔比亚(见下文)时,第j. j. afrik与19岁的Jlia ambrzy de sden(;18031876)结婚。"
贾斯汀·泰勒(Justin Taylor)描述了该文本对历史研究的有用性。,贾斯汀·泰勒(Justin Taylor)描述了该文本对历史研究的有用性。,作者和历史学家Justin Taylor描述了该文本对历史研究的用处。,贾斯汀·泰勒(Justin Taylor)阐述了该文本对历史研究的有用性:,贾斯汀·泰勒描述了该文本对历史研究的有用性。
1968年 古代史上第一最好的一号,1968年 古代史上第一个,1968年 古代史上第一名 1968年,1968年 古代史上第一号无人驾驶飞机翱翔翔蓝天,1968年 古代史上第一号
